,idpso,pso,psod
0,"[1.0303721612483532, 20000, 2.2309937477111816]","[0.07112945567491902, 20000, 8.741702556610107]","[0.14471714408744174, 20000, 3.9916205406188965]"
